50_Cent,Charli_Baltimore
50_Cent,Charli_Baltimore
50_Cent,Charli_Baltimore
50_Cent,Charli_Baltimore
Abraham,Hagar
Abraham,Hagar
Abraham,Hagar
Abraham,Hagar
Abraham,Keturah
Abraham,Keturah
Abraham,Keturah
Abraham,Keturah
Abraham,Sarah
Abraham,Sarah
Abraham,Sarah
Abraham,Sarah
Abraham_Lincoln,Mary_Todd_Lincoln
Abraham_Lincoln,Mary_Todd_Lincoln
Abraham_Lincoln,Mary_Todd_Lincoln
Abraham_Lincoln,Mary_Todd_Lincoln
Albert_Einstein,Elsa_Einstein
Albert_Einstein,Elsa_Einstein
Albert_Einstein,Elsa_Einstein
Albert_Einstein,Elsa_Einstein
Albert_Einstein,Mileva_Marić
Albert_Einstein,Mileva_Marić
Albert_Einstein,Mileva_Marić
Albert_Einstein,Mileva_Marić
Alexander_the_Great,Cleophis
Alexander_the_Great,Cleophis
Alexander_the_Great,Cleophis
Alexander_the_Great,Cleophis
Alexander_the_Great,Parysatis_II
Alexander_the_Great,Parysatis_II
Alexander_the_Great,Parysatis_II
Alexander_the_Great,Parysatis_II
Alexander_the_Great,Roxana
Alexander_the_Great,Roxana
Alexander_the_Great,Roxana
Alexander_the_Great,Roxana
Alexander_the_Great,Stateira_II
Alexander_the_Great,Stateira_II
Alexander_the_Great,Stateira_II
Alexander_the_Great,Stateira_II
Angelina_Jolie,Billy_Bob_Thornton
Angelina_Jolie,Billy_Bob_Thornton
Angelina_Jolie,Billy_Bob_Thornton
Angelina_Jolie,Billy_Bob_Thornton
Angelina_Jolie,Brad_Pitt
Angelina_Jolie,Brad_Pitt
Angelina_Jolie,Brad_Pitt
Angelina_Jolie,Brad_Pitt
Angelina_Jolie,Jonny_Lee_Miller
Angelina_Jolie,Jonny_Lee_Miller
Angelina_Jolie,Jonny_Lee_Miller
Angelina_Jolie,Jonny_Lee_Miller
Arnold_Schwarzenegger,Maria_Shriver
Arnold_Schwarzenegger,Maria_Shriver
Arnold_Schwarzenegger,Maria_Shriver
Arnold_Schwarzenegger,Maria_Shriver
Augustus,Clodia_Pulchra
Augustus,Clodia_Pulchra
Augustus,Clodia_Pulchra
Augustus,Clodia_Pulchra
Augustus,Livia
Augustus,Livia
Augustus,Livia
Augustus,Livia
Augustus,Scribonia
Augustus,Scribonia
Augustus,Scribonia
Augustus,Scribonia
Barack_Obama,Michelle_Obama
Barack_Obama,Michelle_Obama
Barack_Obama,Michelle_Obama
Barack_Obama,Michelle_Obama
Benjamin_Franklin,Deborah_Read
Benjamin_Franklin,Deborah_Read
Benjamin_Franklin,Deborah_Read
Benjamin_Franklin,Deborah_Read
Bill_Clinton,Hillary_Clinton
Bill_Clinton,Hillary_Clinton
Bill_Clinton,Hillary_Clinton
Bill_Clinton,Hillary_Clinton
Bill_Clinton,United_States_Senate_career_of_Hillary_Clinton
Bill_Clinton,United_States_Senate_career_of_Hillary_Clinton
Bill_Clinton,United_States_Senate_career_of_Hillary_Clinton
Bill_Clinton,United_States_Senate_career_of_Hillary_Clinton
Bill_Gates,Koyuki
Bill_Gates,Koyuki
Bill_Gates,Koyuki
Bill_Gates,Koyuki
Bill_Gates,Melinda_Gates
Bill_Gates,Melinda_Gates
Bill_Gates,Melinda_Gates
Bill_Gates,Melinda_Gates
Bob_Marley,Rita_Marley
Bob_Marley,Rita_Marley
Bob_Marley,Rita_Marley
Bob_Marley,Rita_Marley
Brad_Pitt,Angelina_Jolie
Brad_Pitt,Angelina_Jolie
Brad_Pitt,Angelina_Jolie
Brad_Pitt,Angelina_Jolie
Brad_Pitt,Jennifer_Aniston
Brad_Pitt,Jennifer_Aniston
Brad_Pitt,Jennifer_Aniston
Brad_Pitt,Jennifer_Aniston
Britney_Spears,Kevin_Federline
Britney_Spears,Kevin_Federline
Britney_Spears,Kevin_Federline
Britney_Spears,Kevin_Federline
Brock_Lesnar,Sable_(wrestler)
Brock_Lesnar,Sable_(wrestler)
Brock_Lesnar,Sable_(wrestler)
Brock_Lesnar,Sable_(wrestler)
Bruce_Lee,Linda_Lee_Cadwell
Bruce_Lee,Linda_Lee_Cadwell
Bruce_Lee,Linda_Lee_Cadwell
Bruce_Lee,Linda_Lee_Cadwell
Caligula,Junia_Claudilla
Caligula,Junia_Claudilla
Caligula,Junia_Claudilla
Caligula,Junia_Claudilla
Caligula,Livia_Orestilla
Caligula,Livia_Orestilla
Caligula,Livia_Orestilla
Caligula,Livia_Orestilla
Caligula,Lollia_Paulina
Caligula,Lollia_Paulina
Caligula,Lollia_Paulina
Caligula,Lollia_Paulina
Caligula,Milonia_Caesonia
Caligula,Milonia_Caesonia
Caligula,Milonia_Caesonia
Caligula,Milonia_Caesonia
Charlemagne,Desiderata_of_the_Lombards
Charlemagne,Desiderata_of_the_Lombards
Charlemagne,Desiderata_of_the_Lombards
Charlemagne,Desiderata_of_the_Lombards
Charlemagne,Fastrada
Charlemagne,Fastrada
Charlemagne,Fastrada
Charlemagne,Fastrada
Charlemagne,George_Burns
Charlemagne,George_Burns
Charlemagne,George_Burns
Charlemagne,George_Burns
Charlemagne,Hildegard_of_the_Vinzgau
Charlemagne,Hildegard_of_the_Vinzgau
Charlemagne,Hildegard_of_the_Vinzgau
Charlemagne,Hildegard_of_the_Vinzgau
Charlemagne,Himiltrude
Charlemagne,Himiltrude
Charlemagne,Himiltrude
Charlemagne,Himiltrude
Charlemagne,Luitgard_(Frankish_queen)
Charlemagne,Luitgard_(Frankish_queen)
Charlemagne,Luitgard_(Frankish_queen)
Charlemagne,Luitgard_(Frankish_queen)
Charlie_Sheen,Brooke_Mueller
Charlie_Sheen,Brooke_Mueller
Charlie_Sheen,Brooke_Mueller
Charlie_Sheen,Brooke_Mueller
Charlie_Sheen,Denise_Richards
Charlie_Sheen,Denise_Richards
Charlie_Sheen,Denise_Richards
Charlie_Sheen,Denise_Richards
Che_Guevara,Aleida_March
Che_Guevara,Aleida_March
Che_Guevara,Aleida_March
Che_Guevara,Aleida_March
Che_Guevara,Hilda_Gadea
Che_Guevara,Hilda_Gadea
Che_Guevara,Hilda_Gadea
Che_Guevara,Hilda_Gadea
Christopher_Columbus,Filipa_Moniz_Perestrelo
Christopher_Columbus,Filipa_Moniz_Perestrelo
Christopher_Columbus,Filipa_Moniz_Perestrelo
Christopher_Columbus,Filipa_Moniz_Perestrelo
Cleopatra,Mark_Antony
Cleopatra,Mark_Antony
Cleopatra,Mark_Antony
Cleopatra,Mark_Antony
Cleopatra,Ptolemy_XIII_Theos_Philopator
Cleopatra,Ptolemy_XIII_Theos_Philopator
Cleopatra,Ptolemy_XIII_Theos_Philopator
Cleopatra,Ptolemy_XIII_Theos_Philopator
Cleopatra,Ptolemy_XIV_of_Egypt
Cleopatra,Ptolemy_XIV_of_Egypt
Cleopatra,Ptolemy_XIV_of_Egypt
Cleopatra,Ptolemy_XIV_of_Egypt
Clint_Eastwood,Dina_Eastwood
Clint_Eastwood,Dina_Eastwood
Clint_Eastwood,Dina_Eastwood
Clint_Eastwood,Dina_Eastwood
Clint_Eastwood,Frances_Fisher
Clint_Eastwood,Frances_Fisher
Clint_Eastwood,Frances_Fisher
Clint_Eastwood,Frances_Fisher
Confucius,Nikki_Bedi
Confucius,Nikki_Bedi
Confucius,Nikki_Bedi
Confucius,Nikki_Bedi
Confucius,Protima_Bedi
Confucius,Protima_Bedi
Confucius,Protima_Bedi
Confucius,Protima_Bedi
David,Abigail
David,Abigail
David,Abigail
David,Abigail
David,Abishag
David,Abishag
David,Abishag
David,Abishag
David,Abital
David,Abital
David,Abital
David,Abital
David,Bathsheba
David,Bathsheba
David,Bathsheba
David,Bathsheba
David,Haggith
David,Haggith
David,Haggith
David,Haggith
David,Michal
David,Michal
David,Michal
David,Michal
David,pl/Achinoam_z_Jizreel
David,pl/Achinoam_z_Jizreel
David,pl/Achinoam_z_Jizreel
David,pl/Achinoam_z_Jizreel
David,pl/Egla
David,pl/Egla
David,pl/Egla
David,pl/Egla
David,pl/Maaka_(córka_Talmaja)
David,pl/Maaka_(córka_Talmaja)
David,pl/Maaka_(córka_Talmaja)
David,pl/Maaka_(córka_Talmaja)
David_Beckham,Victoria_Beckham
David_Beckham,Victoria_Beckham
David_Beckham,Victoria_Beckham
David_Beckham,Victoria_Beckham
David_Bowie,Angie_Bowie
David_Bowie,Angie_Bowie
David_Bowie,Angie_Bowie
David_Bowie,Angie_Bowie
David_Bowie,Brian_Eno
David_Bowie,Brian_Eno
David_Bowie,Brian_Eno
David_Bowie,Brian_Eno
David_Bowie,Duncan_Jones
David_Bowie,Duncan_Jones
David_Bowie,Duncan_Jones
David_Bowie,Duncan_Jones
David_Bowie,Iggy_Pop
David_Bowie,Iggy_Pop
David_Bowie,Iggy_Pop
David_Bowie,Iggy_Pop
David_Bowie,Iman_(model)
David_Bowie,Iman_(model)
David_Bowie,Iman_(model)
David_Bowie,Iman_(model)
David_Bowie,John_Lennon
David_Bowie,John_Lennon
David_Bowie,John_Lennon
David_Bowie,John_Lennon
David_Bowie,Lou_Reed
David_Bowie,Lou_Reed
David_Bowie,Lou_Reed
David_Bowie,Lou_Reed
David_Bowie,Mick_Jagger
David_Bowie,Mick_Jagger
David_Bowie,Mick_Jagger
David_Bowie,Mick_Jagger
David_Bowie,Tina_Turner
David_Bowie,Tina_Turner
David_Bowie,Tina_Turner
David_Bowie,Tina_Turner
Donald_Trump,Ivana_Trump
Donald_Trump,Ivana_Trump
Donald_Trump,Ivana_Trump
Donald_Trump,Ivana_Trump
Donald_Trump,Marla_Maples
Donald_Trump,Marla_Maples
Donald_Trump,Marla_Maples
Donald_Trump,Marla_Maples
Donald_Trump,Melania_Trump
Donald_Trump,Melania_Trump
Donald_Trump,Melania_Trump
Donald_Trump,Melania_Trump
Elizabeth_II,Prince_Philip
Elizabeth_II,Prince_Philip
Elizabeth_II,Prince_Philip
Elizabeth_II,Prince_Philip
Elvis_Presley,Priscilla_Presley
Elvis_Presley,Priscilla_Presley
Elvis_Presley,Priscilla_Presley
Elvis_Presley,Priscilla_Presley
Emma_Stone,Ian_Beck
Emma_Stone,Ian_Beck
Emma_Stone,Ian_Beck
Emma_Stone,Ian_Beck
Franklin_D._Roosevelt,Eleanor_Roosevelt
Franklin_D._Roosevelt,Eleanor_Roosevelt
Franklin_D._Roosevelt,Eleanor_Roosevelt
Franklin_D._Roosevelt,Eleanor_Roosevelt
Gautama_Buddha,Yasodharā
Gautama_Buddha,Yasodharā
Gautama_Buddha,Yasodharā
Gautama_Buddha,Yasodharā
Genghis_Khan,Börte
Genghis_Khan,Börte
Genghis_Khan,Börte
Genghis_Khan,Börte
Genghis_Khan,Khulan_khatun
Genghis_Khan,Khulan_khatun
Genghis_Khan,Khulan_khatun
Genghis_Khan,Khulan_khatun
Genghis_Khan,Yesugen
Genghis_Khan,Yesugen
Genghis_Khan,Yesugen
Genghis_Khan,Yesugen
Genghis_Khan,Yesui
Genghis_Khan,Yesui
Genghis_Khan,Yesui
Genghis_Khan,Yesui
George_H._W._Bush,Barbara_Bush
George_H._W._Bush,Barbara_Bush
George_H._W._Bush,Barbara_Bush
George_H._W._Bush,Barbara_Bush
George_W._Bush,Laura_Bush
George_W._Bush,Laura_Bush
George_W._Bush,Laura_Bush
George_W._Bush,Laura_Bush
George_Washington,Martha_Washington
George_Washington,Martha_Washington
George_Washington,Martha_Washington
George_Washington,Martha_Washington
Henry_VIII_of_England,Anne_Boleyn
Henry_VIII_of_England,Anne_Boleyn
Henry_VIII_of_England,Anne_Boleyn
Henry_VIII_of_England,Anne_Boleyn
Henry_VIII_of_England,Anne_of_Cleves
Henry_VIII_of_England,Anne_of_Cleves
Henry_VIII_of_England,Anne_of_Cleves
Henry_VIII_of_England,Anne_of_Cleves
Henry_VIII_of_England,Catherine_Howard
Henry_VIII_of_England,Catherine_Howard
Henry_VIII_of_England,Catherine_Howard
Henry_VIII_of_England,Catherine_Howard
Henry_VIII_of_England,Catherine_Parr
Henry_VIII_of_England,Catherine_Parr
Henry_VIII_of_England,Catherine_Parr
Henry_VIII_of_England,Catherine_Parr
Henry_VIII_of_England,Catherine_of_Aragon
Henry_VIII_of_England,Catherine_of_Aragon
Henry_VIII_of_England,Catherine_of_Aragon
Henry_VIII_of_England,Catherine_of_Aragon
Henry_VIII_of_England,Jane_Seymour
Henry_VIII_of_England,Jane_Seymour
Henry_VIII_of_England,Jane_Seymour
Henry_VIII_of_England,Jane_Seymour
Jennifer_Aniston,Brad_Pitt
Jennifer_Aniston,Brad_Pitt
Jennifer_Aniston,Brad_Pitt
Jennifer_Aniston,Brad_Pitt
Jennifer_Aniston,Justin_Theroux
Jennifer_Aniston,Justin_Theroux
Jennifer_Aniston,Justin_Theroux
Jennifer_Aniston,Justin_Theroux
John_F._Kennedy,Doone_Kennedy
John_F._Kennedy,Doone_Kennedy
John_F._Kennedy,Doone_Kennedy
John_F._Kennedy,Doone_Kennedy
John_F._Kennedy,Jacqueline_Kennedy_Onassis
John_F._Kennedy,Jacqueline_Kennedy_Onassis
John_F._Kennedy,Jacqueline_Kennedy_Onassis
John_F._Kennedy,Jacqueline_Kennedy_Onassis
John_Lennon,Cynthia_Lennon
John_Lennon,Cynthia_Lennon
John_Lennon,Cynthia_Lennon
John_Lennon,Cynthia_Lennon
John_Lennon,David_Bowie
John_Lennon,David_Bowie
John_Lennon,David_Bowie
John_Lennon,David_Bowie
John_Lennon,Yoko_Ono
John_Lennon,Yoko_Ono
John_Lennon,Yoko_Ono
John_Lennon,Yoko_Ono
Johnny_Depp,Amber_Heard
Johnny_Depp,Amber_Heard
Johnny_Depp,Amber_Heard
Johnny_Depp,Amber_Heard
Joseph_Stalin,Kato_Svanidze
Joseph_Stalin,Kato_Svanidze
Joseph_Stalin,Kato_Svanidze
Joseph_Stalin,Kato_Svanidze
Joseph_Stalin,Nadezhda_Alliluyeva
Joseph_Stalin,Nadezhda_Alliluyeva
Joseph_Stalin,Nadezhda_Alliluyeva
Joseph_Stalin,Nadezhda_Alliluyeva
Julius_Caesar,Calpurnia_(wife_of_Caesar)
Julius_Caesar,Calpurnia_(wife_of_Caesar)
Julius_Caesar,Calpurnia_(wife_of_Caesar)
Julius_Caesar,Calpurnia_(wife_of_Caesar)
Julius_Caesar,Cornelia_(wife_of_Caesar)
Julius_Caesar,Cornelia_(wife_of_Caesar)
Julius_Caesar,Cornelia_(wife_of_Caesar)
Julius_Caesar,Cornelia_(wife_of_Caesar)
Julius_Caesar,Gaius_Marius
Julius_Caesar,Gaius_Marius
Julius_Caesar,Gaius_Marius
Julius_Caesar,Gaius_Marius
Julius_Caesar,Pompeia_(wife_of_Julius_Caesar)
Julius_Caesar,Pompeia_(wife_of_Julius_Caesar)
Julius_Caesar,Pompeia_(wife_of_Julius_Caesar)
Julius_Caesar,Pompeia_(wife_of_Julius_Caesar)
Kanye_West,Kim_Kardashian
Kanye_West,Kim_Kardashian
Kanye_West,Kim_Kardashian
Kanye_West,Kim_Kardashian
Katy_Perry,Russell_Brand
Katy_Perry,Russell_Brand
Katy_Perry,Russell_Brand
Katy_Perry,Russell_Brand
Kim_Kardashian,Kanye_West
Kim_Kardashian,Kanye_West
Kim_Kardashian,Kanye_West
Kim_Kardashian,Kanye_West
Kim_Kardashian,Kris_Humphries
Kim_Kardashian,Kris_Humphries
Kim_Kardashian,Kris_Humphries
Kim_Kardashian,Kris_Humphries
Kim_Kardashian,The_Underdogs_(production_team)
Kim_Kardashian,The_Underdogs_(production_team)
Kim_Kardashian,The_Underdogs_(production_team)
Kim_Kardashian,The_Underdogs_(production_team)
Lil_Wayne,Antonia_Wright
Lil_Wayne,Antonia_Wright
Lil_Wayne,Antonia_Wright
Lil_Wayne,Antonia_Wright
Madonna_(entertainer),Guy_Ritchie
Madonna_(entertainer),Guy_Ritchie
Madonna_(entertainer),Guy_Ritchie
Madonna_(entertainer),Guy_Ritchie
Madonna_(entertainer),Sean_Penn
Madonna_(entertainer),Sean_Penn
Madonna_(entertainer),Sean_Penn
Madonna_(entertainer),Sean_Penn
Mahatma_Gandhi,Kasturba_Gandhi
Mahatma_Gandhi,Kasturba_Gandhi
Mahatma_Gandhi,Kasturba_Gandhi
Mahatma_Gandhi,Kasturba_Gandhi
Manny_Pacquiao,Jinkee_Pacquiao
Manny_Pacquiao,Jinkee_Pacquiao
Manny_Pacquiao,Jinkee_Pacquiao
Manny_Pacquiao,Jinkee_Pacquiao
Margaret_Thatcher,Denis_Thatcher
Margaret_Thatcher,Denis_Thatcher
Margaret_Thatcher,Denis_Thatcher
Margaret_Thatcher,Denis_Thatcher
Mariah_Carey,Nick_Cannon
Mariah_Carey,Nick_Cannon
Mariah_Carey,Nick_Cannon
Mariah_Carey,Nick_Cannon
Mariah_Carey,Tommy_Mottola
Mariah_Carey,Tommy_Mottola
Mariah_Carey,Tommy_Mottola
Mariah_Carey,Tommy_Mottola
Marilyn_Monroe,Arthur_Miller
Marilyn_Monroe,Arthur_Miller
Marilyn_Monroe,Arthur_Miller
Marilyn_Monroe,Arthur_Miller
Marilyn_Monroe,Joe_DiMaggio
Marilyn_Monroe,Joe_DiMaggio
Marilyn_Monroe,Joe_DiMaggio
Marilyn_Monroe,Joe_DiMaggio
Mark_Wahlberg,Rhea_Durham
Mark_Wahlberg,Rhea_Durham
Mark_Wahlberg,Rhea_Durham
Mark_Wahlberg,Rhea_Durham
Mark_Zuckerberg,Priscilla_Chan_(philanthropist)
Mark_Zuckerberg,Priscilla_Chan_(philanthropist)
Mark_Zuckerberg,Priscilla_Chan_(philanthropist)
Mark_Zuckerberg,Priscilla_Chan_(philanthropist)
Megan_Fox,Brian_Austin_Green
Megan_Fox,Brian_Austin_Green
Megan_Fox,Brian_Austin_Green
Megan_Fox,Brian_Austin_Green
Michael_Jackson,Debbie_Rowe
Michael_Jackson,Debbie_Rowe
Michael_Jackson,Debbie_Rowe
Michael_Jackson,Debbie_Rowe
Michael_Jackson,Lisa_Marie_Presley
Michael_Jackson,Lisa_Marie_Presley
Michael_Jackson,Lisa_Marie_Presley
Michael_Jackson,Lisa_Marie_Presley
Michael_Phelps,Nicole_Johnson_(Miss_California_USA)
Michael_Phelps,Nicole_Johnson_(Miss_California_USA)
Michael_Phelps,Nicole_Johnson_(Miss_California_USA)
Michael_Phelps,Nicole_Johnson_(Miss_California_USA)
Mike_Tyson,Robin_Givens
Mike_Tyson,Robin_Givens
Mike_Tyson,Robin_Givens
Mike_Tyson,Robin_Givens
Mila_Kunis,Ashton_Kutcher
Mila_Kunis,Ashton_Kutcher
Mila_Kunis,Ashton_Kutcher
Mila_Kunis,Ashton_Kutcher
Moses,Tharbis
Moses,Tharbis
Moses,Tharbis
Moses,Tharbis
Moses,Zipporah
Moses,Zipporah
Moses,Zipporah
Moses,Zipporah
Muhammad,Aisha
Muhammad,Aisha
Muhammad,Aisha
Muhammad,Aisha
Muhammad,Hafsa_bint_Umar
Muhammad,Hafsa_bint_Umar
Muhammad,Hafsa_bint_Umar
Muhammad,Hafsa_bint_Umar
Muhammad,Juwayriyya_bint_al-Harith
Muhammad,Juwayriyya_bint_al-Harith
Muhammad,Juwayriyya_bint_al-Harith
Muhammad,Juwayriyya_bint_al-Harith
Muhammad,Khadija_bint_Khuwaylid
Muhammad,Khadija_bint_Khuwaylid
Muhammad,Khadija_bint_Khuwaylid
Muhammad,Khadija_bint_Khuwaylid
Muhammad,Maria_al-Qibtiyya
Muhammad,Maria_al-Qibtiyya
Muhammad,Maria_al-Qibtiyya
Muhammad,Maria_al-Qibtiyya
Muhammad,Maymunah_bint_al-Harith
Muhammad,Maymunah_bint_al-Harith
Muhammad,Maymunah_bint_al-Harith
Muhammad,Maymunah_bint_al-Harith
Muhammad,Muhammad's_wives
Muhammad,Muhammad's_wives
Muhammad,Muhammad's_wives
Muhammad,Muhammad's_wives
Muhammad,Ramla_bint_Abi_Sufyan
Muhammad,Ramla_bint_Abi_Sufyan
Muhammad,Ramla_bint_Abi_Sufyan
Muhammad,Ramla_bint_Abi_Sufyan
Muhammad,Rayhana_bint_Zayd
Muhammad,Rayhana_bint_Zayd
Muhammad,Rayhana_bint_Zayd
Muhammad,Rayhana_bint_Zayd
Muhammad,Safiyya_bint_Huyayy
Muhammad,Safiyya_bint_Huyayy
Muhammad,Safiyya_bint_Huyayy
Muhammad,Safiyya_bint_Huyayy
Muhammad,Sawda_bint_Zamʿa
Muhammad,Sawda_bint_Zamʿa
Muhammad,Sawda_bint_Zamʿa
Muhammad,Sawda_bint_Zamʿa
Muhammad,Umm_Salama
Muhammad,Umm_Salama
Muhammad,Umm_Salama
Muhammad,Umm_Salama
Muhammad,Zaynab_bint_Jahsh
Muhammad,Zaynab_bint_Jahsh
Muhammad,Zaynab_bint_Jahsh
Muhammad,Zaynab_bint_Jahsh
Muhammad,Zaynab_bint_Khuzayma
Muhammad,Zaynab_bint_Khuzayma
Muhammad,Zaynab_bint_Khuzayma
Muhammad,Zaynab_bint_Khuzayma
Muhammad_Ali,Khalilah_Ali
Muhammad_Ali,Khalilah_Ali
Muhammad_Ali,Khalilah_Ali
Muhammad_Ali,Khalilah_Ali
Muhammad_Ali,Tahura_Ali
Muhammad_Ali,Tahura_Ali
Muhammad_Ali,Tahura_Ali
Muhammad_Ali,Tahura_Ali
Muhammad_Ali,Veronica_Porché_Ali
Muhammad_Ali,Veronica_Porché_Ali
Muhammad_Ali,Veronica_Porché_Ali
Muhammad_Ali,Veronica_Porché_Ali
Natalie_Portman,Benjamin_Millepied
Natalie_Portman,Benjamin_Millepied
Natalie_Portman,Benjamin_Millepied
Natalie_Portman,Benjamin_Millepied
Nelson_Mandela,Evelyn_Mase
Nelson_Mandela,Evelyn_Mase
Nelson_Mandela,Evelyn_Mase
Nelson_Mandela,Evelyn_Mase
Nelson_Mandela,Graça_Machel
Nelson_Mandela,Graça_Machel
Nelson_Mandela,Graça_Machel
Nelson_Mandela,Graça_Machel
Nelson_Mandela,Winnie_Madikizela-Mandela
Nelson_Mandela,Winnie_Madikizela-Mandela
Nelson_Mandela,Winnie_Madikizela-Mandela
Nelson_Mandela,Winnie_Madikizela-Mandela
Nero,Claudia_Octavia
Nero,Claudia_Octavia
Nero,Claudia_Octavia
Nero,Claudia_Octavia
Nero,Otho
Nero,Otho
Nero,Otho
Nero,Otho
Nero,Poppaea_Sabina
Nero,Poppaea_Sabina
Nero,Poppaea_Sabina
Nero,Poppaea_Sabina
Nero,Pythagoras_(freedman)
Nero,Pythagoras_(freedman)
Nero,Pythagoras_(freedman)
Nero,Pythagoras_(freedman)
Nero,Sporus
Nero,Sporus
Nero,Sporus
Nero,Sporus
Nero,Statilia_Messalina
Nero,Statilia_Messalina
Nero,Statilia_Messalina
Nero,Statilia_Messalina
O._J._Simpson,Nicole_Brown_Simpson
O._J._Simpson,Nicole_Brown_Simpson
O._J._Simpson,Nicole_Brown_Simpson
O._J._Simpson,Nicole_Brown_Simpson
Prince_(musician),Mayte_Garcia
Prince_(musician),Mayte_Garcia
Prince_(musician),Mayte_Garcia
Prince_(musician),Mayte_Garcia
Prince_Philip,_Duke_of_Edinburgh
Prince_Philip,_Duke_of_Edinburgh
Prince_Philip,_Duke_of_Edinburgh
Prince_Philip,_Duke_of_Edinburgh
Queen_Victoria,Albert
Queen_Victoria,Albert
Queen_Victoria,Albert
Queen_Victoria,Albert
Ragnar_Lodbrok,Þóra_Borgarhjǫrtr
Ragnar_Lodbrok,Þóra_Borgarhjǫrtr
Ragnar_Lodbrok,Þóra_Borgarhjǫrtr
Ragnar_Lodbrok,Þóra_Borgarhjǫrtr
Richard_I_of_England,Berengaria_of_Navarre
Richard_I_of_England,Berengaria_of_Navarre
Richard_I_of_England,Berengaria_of_Navarre
Richard_I_of_England,Berengaria_of_Navarre
Richard_Nixon,Pat_Nixon
Richard_Nixon,Pat_Nixon
Richard_Nixon,Pat_Nixon
Richard_Nixon,Pat_Nixon
Robin_Williams,Marsha_Garces_Williams
Robin_Williams,Marsha_Garces_Williams
Robin_Williams,Marsha_Garces_Williams
Robin_Williams,Marsha_Garces_Williams
Robin_Williams,Susan_Schneider_(artist)
Robin_Williams,Susan_Schneider_(artist)
Robin_Williams,Susan_Schneider_(artist)
Robin_Williams,Susan_Schneider_(artist)
Ronald_Reagan,Jane_Wyman
Ronald_Reagan,Jane_Wyman
Ronald_Reagan,Jane_Wyman
Ronald_Reagan,Jane_Wyman
Ronald_Reagan,Nancy_Reagan
Ronald_Reagan,Nancy_Reagan
Ronald_Reagan,Nancy_Reagan
Ronald_Reagan,Nancy_Reagan
Ryan_Reynolds,Blake_Lively
Ryan_Reynolds,Blake_Lively
Ryan_Reynolds,Blake_Lively
Ryan_Reynolds,Blake_Lively
Ryan_Reynolds,Scarlett_Johansson
Ryan_Reynolds,Scarlett_Johansson
Ryan_Reynolds,Scarlett_Johansson
Ryan_Reynolds,Scarlett_Johansson
Sarah_Palin,Todd_Palin
Sarah_Palin,Todd_Palin
Sarah_Palin,Todd_Palin
Sarah_Palin,Todd_Palin
Scarlett_Johansson,Ryan_Reynolds
Scarlett_Johansson,Ryan_Reynolds
Scarlett_Johansson,Ryan_Reynolds
Scarlett_Johansson,Ryan_Reynolds
Stephen_Hawking,Jane_Hawking
Stephen_Hawking,Jane_Hawking
Stephen_Hawking,Jane_Hawking
Stephen_Hawking,Jane_Hawking
Steve_Jobs,Laurene_Powell_Jobs
Steve_Jobs,Laurene_Powell_Jobs
Steve_Jobs,Laurene_Powell_Jobs
Steve_Jobs,Laurene_Powell_Jobs
Sylvester_Stallone,Brigitte_Nielsen
Sylvester_Stallone,Brigitte_Nielsen
Sylvester_Stallone,Brigitte_Nielsen
Sylvester_Stallone,Brigitte_Nielsen
Sylvester_Stallone,Jennifer_Flavin
Sylvester_Stallone,Jennifer_Flavin
Sylvester_Stallone,Jennifer_Flavin
Sylvester_Stallone,Jennifer_Flavin
The_Undertaker,Michelle_McCool
The_Undertaker,Michelle_McCool
The_Undertaker,Michelle_McCool
The_Undertaker,Michelle_McCool
Theodore_Roosevelt,Alice_Hathaway_Lee_Roosevelt
Theodore_Roosevelt,Alice_Hathaway_Lee_Roosevelt
Theodore_Roosevelt,Alice_Hathaway_Lee_Roosevelt
Theodore_Roosevelt,Alice_Hathaway_Lee_Roosevelt
Theodore_Roosevelt,Edith_Roosevelt
Theodore_Roosevelt,Edith_Roosevelt
Theodore_Roosevelt,Edith_Roosevelt
Theodore_Roosevelt,Edith_Roosevelt
Thomas_Jefferson,Dolley_Madison
Thomas_Jefferson,Dolley_Madison
Thomas_Jefferson,Dolley_Madison
Thomas_Jefferson,Dolley_Madison
Thomas_Jefferson,Martha_Jefferson
Thomas_Jefferson,Martha_Jefferson
Thomas_Jefferson,Martha_Jefferson
Thomas_Jefferson,Martha_Jefferson
Thomas_Jefferson,Martha_Jefferson_Randolph
Thomas_Jefferson,Martha_Jefferson_Randolph
Thomas_Jefferson,Martha_Jefferson_Randolph
Thomas_Jefferson,Martha_Jefferson_Randolph
Tiger_Woods,Elin_Nordegren
Tiger_Woods,Elin_Nordegren
Tiger_Woods,Elin_Nordegren
Tiger_Woods,Elin_Nordegren
Tom_Brady,Gisele_Bündchen
Tom_Brady,Gisele_Bündchen
Tom_Brady,Gisele_Bündchen
Tom_Brady,Gisele_Bündchen
Tom_Cruise,Katie_Holmes
Tom_Cruise,Katie_Holmes
Tom_Cruise,Katie_Holmes
Tom_Cruise,Katie_Holmes
Tom_Cruise,Mimi_Rogers
Tom_Cruise,Mimi_Rogers
Tom_Cruise,Mimi_Rogers
Tom_Cruise,Mimi_Rogers
Tom_Cruise,Nicole_Kidman
Tom_Cruise,Nicole_Kidman
Tom_Cruise,Nicole_Kidman
Tom_Cruise,Nicole_Kidman
Tom_Hardy,Charlotte_Riley
Tom_Hardy,Charlotte_Riley
Tom_Hardy,Charlotte_Riley
Tom_Hardy,Charlotte_Riley
Tutankhamun,Ankhesenamun
Tutankhamun,Ankhesenamun
Tutankhamun,Ankhesenamun
Tutankhamun,Ankhesenamun
Vladimir_Putin,Lyudmila_Putina
Vladimir_Putin,Lyudmila_Putina
Vladimir_Putin,Lyudmila_Putina
Vladimir_Putin,Lyudmila_Putina
Wayne_Rooney,Coleen_Rooney
Wayne_Rooney,Coleen_Rooney
Wayne_Rooney,Coleen_Rooney
Wayne_Rooney,Coleen_Rooney
Will_Smith,Jada_Pinkett_Smith
Will_Smith,Jada_Pinkett_Smith
Will_Smith,Jada_Pinkett_Smith
Will_Smith,Jada_Pinkett_Smith
William_Shakespeare,Anne_Hathaway_(wife_of_Shakespeare)
William_Shakespeare,Anne_Hathaway_(wife_of_Shakespeare)
William_Shakespeare,Anne_Hathaway_(wife_of_Shakespeare)
William_Shakespeare,Anne_Hathaway_(wife_of_Shakespeare)
Winston_Churchill,Clementine_Churchill
Winston_Churchill,Clementine_Churchill
Winston_Churchill,Clementine_Churchill
Winston_Churchill,Clementine_Churchill